customer_id,date,category,sales
00001,1997-01-01,1,11.77
00002,1997-01-12,1,12.00
00002,1997-01-12,5,77.00
00003,1997-01-02,2,20.76
00003,1997-03-30,2,20.76
00003,1997-04-02,2,19.54
00003,1997-11-15,5,57.45
00003,1997-11-25,4,20.96
00003,1998-05-28,1,16.99
00004,1997-01-01,2,29.33
00004,1997-01-18,2,29.73
00004,1997-08-02,1,14.96
00004,1997-12-12,2,26.48
00005,1997-01-01,2,29.33
00005,1997-01-14,1,13.97
00005,1997-02-04,3,38.90
00005,1997-04-11,3,45.55
00005,1997-05-31,3,38.71
00005,1997-06-16,2,26.14
00005,1997-07-22,2,28.14
00005,1997-09-15,3,40.47
00005,1997-12-08,4,46.46
00005,1997-12-12,3,40.47
00005,1998-01-03,3,37.47
00006,1997-01-01,1,20.99
00007,1997-01-01,2,28.74
00007,1997-10-11,7,97.43
00007,1998-03-22,9,138.50
00008,1997-01-01,1,9.77
00008,1997-02-13,1,13.97
00008,1997-06-17,3,45.29
00008,1997-07-03,2,36.76
00008,1997-11-16,1,2.99
00008,1997-11-16,7,50.43
00008,1997-12-25,1,13.99
00008,1998-03-29,2,24.46
00009,1997-01-01,2,23.54
00009,1997-05-13,2,30.33
00009,1998-06-08,2,41.98
00010,1997-01-21,3,39.31
00011,1997-01-01,1,13.49
00011,1997-01-28,1,19.30
00011,1997-03-17,1,12.77
00011,1998-02-20,1,12.99
00012,1997-01-01,4,57.06
00013,1997-01-01,4,72.94
00014,1997-01-01,2,29.92
00015,1997-01-01,4,52.87
00016,1997-01-01,1,9.77
00016,1997-07-13,2,31.60
00016,1997-07-26,4,28.51
00016,1997-09-10,1,9.99
00017,1997-01-01,5,73.22
00018,1997-01-04,1,14.96
00019,1997-01-01,10,163.35
00019,1997-06-10,1,11.77
00020,1997-01-01,27,363.60
00020,1997-01-18,19,289.41
00021,1997-01-01,3,63.34
00021,1997-01-13,1,11.77
00022,1997-01-01,1,14.37
00023,1997-01-01,2,24.74
00024,1997-01-01,3,47.28
00024,1998-01-20,1,10.49
00025,1997-01-01,2,24.96
00025,1997-07-18,1,13.90
00025,1997-08-17,1,12.25
00025,1997-10-24,1,12.99
00025,1998-04-17,1,12.99
00025,1998-05-25,1,10.49
00025,1998-06-03,3,24.97
00025,1998-06-08,2,24.98
00026,1997-01-01,3,42.72
00026,1997-01-26,3,59.97
00027,1997-01-07,6,83.41
00027,1997-01-12,4,52.46
00028,1997-01-01,3,39.51
00028,1997-01-27,2,25.74
00028,1997-03-08,2,25.74
00029,1997-01-01,3,46.72
00029,1997-02-06,3,67.31
00029,1997-03-09,3,41.10
00029,1997-04-05,3,44.52
00029,1997-04-20,1,13.97
00029,1997-05-04,2,26.14
00029,1997-05-30,1,32.45
00029,1997-07-13,2,37.65
00029,1997-07-13,2,26.74
00029,1997-09-06,1,14.79
00029,1997-11-02,3,35.97
00029,1998-04-26,4,48.45
00030,1997-01-01,1,14.37
00030,1997-02-14,1,13.97
00031,1997-01-01,4,59.06
00031,1998-04-07,4,42.89
00031,1998-04-09,3,38.06
00031,1998-05-25,3,37.04
00032,1997-01-01,3,49.97
00032,1997-01-24,1,16.36
00032,1998-03-11,1,11.88
00033,1997-01-01,3,41.69
00033,1997-01-21,2,29.92
00033,1997-02-16,5,73.42
00033,1997-05-02,2,40.74
00033,1997-05-14,3,54.25
00033,1997-06-01,1,14.96
00033,1997-06-04,2,30.13
00033,1997-08-29,2,35.69
00033,1997-09-06,1,11.77
00033,1997-10-02,3,45.47
00033,1997-10-03,2,34.98
00033,1997-10-05,3,54.97
00033,1997-10-13,5,69.45
00033,1997-10-19,3,48.97
00033,1997-10-31,4,54.46
00033,1997-11-06,5,66.45
00033,1997-11-09,3,67.47
00033,1997-11-10,1,13.99
00033,1997-11-18,1,14.49
00033,1997-11-23,4,55.96
00033,1997-11-25,3,36.97
00033,1998-01-13,3,36.97
00033,1998-02-27,3,34.47
00033,1998-03-05,4,35.35
00033,1998-03-13,2,42.48
00034,1997-01-01,2,23.14
00035,1997-01-01,2,26.73
00035,1997-09-27,1,15.49
00036,1997-01-01,3,37.91
00036,1997-02-03,1,11.77
00037,1997-01-29,2,31.26
00037,1997-03-06,2,29.13
00037,1997-06-28,1,13.97
00037,1997-08-16,1,14.37
00037,1997-11-02,3,39.47
00037,1998-05-13,2,27.48
00038,1997-01-01,1,12.49
00039,1997-01-01,3,33.33
00039,1997-03-13,4,50.68
00039,1997-05-14,2,28.93
00039,1998-03-05,4,49.55
00039,1998-03-11,2,58.96
00040,1997-01-01,2,28.34
00040,1997-03-08,1,13.97
00040,1997-05-03,1,15.96
00040,1997-08-30,1,14.96
00040,1997-09-14,3,44.47
00040,1997-09-14,1,13.99
00040,1997-09-14,1,22.99
00040,1997-10-25,2,25.98
00040,1997-12-13,1,16.99
00040,1997-12-14,4,54.96
00040,1998-02-15,1,12.58
00040,1998-02-15,1,2.99
00040,1998-02-25,3,36.34
00040,1998-03-08,1,14.42
00041,1997-01-01,1,17.99
00042,1997-01-01,3,26.55
00042,1997-01-02,1,11.77
00043,1997-01-01,2,29.33
00043,1997-02-16,2,25.74
00043,1997-03-01,1,10.77
00043,1997-11-28,1,36.99
00043,1998-05-24,1,14.49
00044,1997-01-01,2,30.32
00044,1997-01-04,1,14.37
00044,1997-06-19,1,14.96
00045,1997-01-01,1,14.37
00046,1997-01-01,3,41.53
00046,1997-01-25,4,60.11
00046,1997-03-16,3,45.09
00046,1997-08-09,4,58.07
00046,1997-08-24,4,57.11
00046,1997-10-02,2,26.98
00046,1997-11-12,2,26.98
00047,1997-01-01,3,37.91
00047,1997-01-05,2,25.74
00047,1997-01-26,3,44.97
00047,1997-02-16,1,15.37
00047,1997-02-23,2,30.92
00047,1997-03-09,1,17.96
00047,1997-03-09,1,4.79
00047,1997-03-16,2,27.94
00047,1997-04-06,1,13.97
00047,1997-04-07,1,14.79
00047,1997-04-19,1,19.97
00047,1997-04-23,1,41.77
00047,1997-06-15,1,19.99
00047,1997-06-22,1,4.79
00047,1997-08-09,1,9.99
00047,1997-11-01,1,19.49
00047,1998-02-25,1,12.99
00047,1998-03-18,1,14.49
00047,1998-03-22,2,22.98
00047,1998-04-14,1,13.99
00047,1998-06-06,1,12.99
00048,1997-01-01,4,52.72
00048,1997-01-26,4,73.50
00048,1997-02-10,3,37.93
00048,1997-03-23,1,12.49
00048,1997-03-25,4,46.50
00048,1997-06-09,2,29.92
00048,1997-07-30,3,42.85
00048,1997-08-15,1,15.36
00048,1997-08-24,1,24.37
00048,1997-10-14,1,25.49
00048,1997-10-17,2,25.98
00048,1997-10-20,1,20.99
00048,1997-11-03,2,41.98
00048,1997-11-11,3,42.47
00048,1997-11-24,2,16.98
00048,1997-12-04,1,9.49
00048,1998-01-09,3,40.47
00048,1998-03-22,3,51.47
00048,1998-06-08,1,9.49
00048,1998-06-13,2,29.48
00049,1997-01-01,2,27.94
00050,1997-01-01,1,6.79
00051,1997-01-27,5,71.42
00051,1997-07-07,8,111.93
00051,1997-09-01,7,104.60
00051,1997-11-29,5,53.95
00051,1997-11-29,1,13.99
00051,1997-12-01,1,11.49
00052,1997-01-02,3,80.95
00052,1997-01-06,2,23.14
00052,1997-01-19,2,33.98
00052,1997-01-22,2,27.74
00052,1997-01-29,3,38.33
00052,1997-05-18,4,59.84
00052,1997-06-21,7,104.72
00052,1998-05-08,2,76.98
00053,1997-01-01,1,19.99
00053,1997-08-19,1,14.37
00053,1997-12-10,1,11.49
00053,1998-01-27,1,11.88
00053,1998-02-09,1,14.49
00053,1998-05-04,1,13.99
00054,1997-01-01,2,33.96
00055,1997-01-01,5,66.09
00055,1997-01-10,1,15.36
00056,1997-01-01,2,27.73
00056,1997-01-17,1,15.96
00056,1997-06-01,2,21.54
00056,1997-12-17,4,63.96
00057,1997-01-01,4,57.86
00058,1997-01-01,1,20.99
00059,1997-01-01,1,13.99
00059,1997-01-09,1,11.77
00059,1997-01-25,1,10.77
00060,1997-02-01,2,21.75
00061,1997-01-01,11,155.65
00062,1997-01-01,3,32.91
00062,1997-01-17,1,17.96
00062,1997-02-13,1,13.97
00062,1997-03-08,2,24.54
00062,1997-03-14,2,28.14
00062,1997-05-14,2,14.55
00062,1997-05-21,1,5.78
00062,1997-08-27,1,15.36
00062,1997-10-01,2,25.98
00062,1997-10-16,1,15.99
00062,1997-10-29,3,41.97
00063,1997-01-01,3,44.97
00063,1997-11-22,2,26.98
00063,1998-04-18,2,24.48
00063,1998-05-21,2,24.48
00064,1997-01-03,1,11.77
00064,1997-02-12,2,13.98
00064,1997-05-12,1,11.77
00064,1997-05-13,1,14.96
00064,1997-07-22,1,15.36
00064,1997-09-20,3,41.47
00064,1997-11-04,3,53.47
00064,1997-11-28,8,59.92
00064,1997-12-30,3,41.97
00064,1998-03-03,1,7.68
00064,1998-04-11,2,35.48
00064,1998-04-23,2,21.98
00064,1998-06-25,3,37.56
00065,1997-01-01,1,18.77
00065,1998-02-16,2,35.98
00065,1998-03-22,1,13.99
00066,1997-01-01,1,39.99
00067,1997-01-01,2,29.73
00067,1997-01-08,1,29.99
00067,1997-01-17,1,11.77
00068,1997-01-01,2,40.36
00069,1997-01-01,6,105.31
00069,1997-01-04,8,111.77
00070,1997-01-01,5,72.23
00071,1997-01-01,1,13.97
00072,1997-01-01,1,11.99
00073,1997-01-01,1,13.97
00073,1997-02-28,2,24.14
00073,1997-03-16,4,56.46
00074,1997-01-01,1,41.99
00075,1997-01-01,5,69.81
00076,1997-01-01,1,9.99
00077,1997-01-01,1,12.97
00078,1997-01-13,3,41.52
00078,1998-04-23,4,53.74
00079,1997-01-01,6,77.44
00080,1997-01-01,4,43.46
00081,1997-01-01,2,74.76
00081,1997-01-10,2,56.36
00081,1997-01-17,3,35.31
00081,1997-02-02,2,27.76
00081,1997-02-20,3,35.31
00081,1997-03-05,1,14.99
00081,1997-04-05,1,13.77
00081,1997-05-24,1,14.96
00081,1997-06-05,5,82.79
00081,1997-06-09,1,7.78
00081,1997-06-19,1,14.96
00081,1997-07-22,1,11.97
00081,1997-09-15,2,26.98
00081,1997-09-27,1,12.99
00082,1997-01-01,3,38.50
00082,1997-04-19,3,48.50
00082,1997-09-27,2,30.98
00082,1997-11-23,3,43.97
00082,1998-02-27,3,40.56
00082,1998-04-10,3,40.29
00083,1997-01-01,1,13.00
00083,1997-01-26,3,47.69
00083,1997-07-23,3,19.50
00083,1998-04-18,1,21.49
00084,1997-01-01,1,13.97
00085,1997-01-03,3,26.31
00086,1997-01-01,2,23.94
00087,1997-01-01,7,103.37
00087,1997-05-31,2,29.92
00087,1997-07-31,3,45.28
00087,1997-10-08,2,27.98
00088,1997-02-24,1,14.99
00088,1997-10-22,2,19.98
00089,1997-01-01,3,47.08
00089,1997-01-11,2,30.72
00089,1997-01-29,2,30.72
00089,1997-03-27,2,27.13
00089,1997-04-11,1,20.97
00089,1997-05-27,1,15.36
00089,1997-07-30,4,60.67
00089,1997-08-23,2,46.42
00089,1997-10-17,2,27.48
00089,1997-10-30,2,18.98
00089,1997-12-05,3,39.97
00089,1997-12-22,2,29.48
00089,1997-12-26,3,31.97
00089,1997-12-29,1,19.49
00089,1998-01-23,2,34.98
00089,1998-02-11,2,26.98
00089,1998-02-27,1,22.49
00089,1998-06-10,1,40.99
00090,1997-01-01,1,12.90
00090,1997-01-08,1,11.77
00091,1997-01-01,2,32.54
00092,1997-01-01,2,35.98
00092,1997-04-16,1,17.36
00093,1997-01-01,9,122.09
00093,1997-01-03,5,97.24
00094,1997-01-02,4,44.10
00095,1997-01-03,3,53.53
00095,1997-01-14,3,47.11
00095,1997-01-24,5,91.26
00095,1997-02-03,2,37.98
00095,1997-02-08,1,27.77
00095,1997-02-10,2,25.13
00095,1997-02-17,1,19.77
00095,1997-03-04,4,67.46
00095,1997-03-25,2,42.73
00095,1997-04-14,1,14.37
00095,1997-04-27,2,29.33
00095,1997-05-11,2,26.56
00095,1997-05-11,2,30.32
00095,1997-05-26,2,29.33
00095,1997-06-10,1,11.77
00095,1997-06-30,1,28.18
00095,1997-08-25,4,66.46
00095,1997-09-21,4,45.96
00095,1997-12-09,6,90.94
00095,1997-12-19,2,82.98
00095,1998-01-10,3,42.47
00095,1998-02-02,2,24.98
00095,1998-02-08,8,109.24
00095,1998-02-24,5,105.45
00095,1998-03-16,6,82.42
00095,1998-04-28,7,106.93
00095,1998-05-07,3,59.97
00095,1998-06-10,4,65.44
00095,1998-06-24,4,49.43
00096,1997-01-01,4,57.67
00096,1997-02-09,4,61.91
00096,1997-02-14,3,29.50
00096,1997-02-22,1,96.99
00096,1997-03-15,6,75.22
00096,1997-04-08,3,49.94
00096,1997-04-17,4,60.48
00096,1997-06-24,1,12.97
00096,1997-07-09,2,23.74
00096,1997-08-03,7,102.21
00096,1997-10-30,4,114.46
00096,1997-11-18,5,234.45
00096,1997-12-07,1,248.49
00096,1998-01-02,4,68.46
00096,1998-01-17,4,45.46
00096,1998-02-24,2,28.37
00096,1998-03-09,3,30.86
00096,1998-05-07,4,54.85
00096,1998-06-27,4,49.96
00097,1997-01-01,6,91.57
00097,1997-10-22,6,80.94
00097,1998-02-08,4,128.87
00097,1998-03-28,2,23.37
00098,1997-01-01,2,46.14
00098,1997-05-23,2,30.32
00099,1997-01-01,2,25.94
00099,1997-01-19,2,28.34
00099,1997-04-24,2,28.93
00099,1997-07-26,4,52.10
00099,1997-10-11,2,24.98
00099,1997-11-13,3,40.97
00099,1997-12-16,1,65.99
00100,1997-01-01,1,13.77
00100,1997-12-11,1,12.49
00100,1998-04-20,2,28.98
00101,1997-01-18,2,23.54
00102,1997-01-01,1,14.37
00102,1997-02-10,1,25.99
00102,1997-11-28,1,11.49
00102,1998-03-01,4,105.62
00103,1997-02-17,4,51.08
00103,1997-04-06,2,29.75
00103,1998-04-17,3,29.66
00104,1997-01-01,1,14.96
00105,1997-01-01,3,35.31
00106,1997-01-01,2,31.52
00106,1997-01-19,2,29.92
00106,1997-06-26,2,30.72
00106,1997-11-04,2,27.98
00106,1997-12-30,1,36.99
00106,1998-01-31,3,44.97
00107,1997-01-01,1,21.99
00108,1997-01-01,1,17.96
00109,1997-01-12,5,71.89
00109,1997-02-02,7,132.57
00110,1997-01-01,2,27.94
00111,1997-01-01,1,35.99
00111,1997-01-11,1,32.99
00111,1997-03-15,4,77.96
00111,1997-04-16,3,59.30
00111,1997-04-24,2,134.98
00111,1997-06-23,1,91.92
00111,1997-07-22,3,47.08
00111,1997-07-26,2,71.96
00111,1997-10-25,3,78.47
00111,1997-12-06,3,83.47
00111,1998-01-18,4,84.46
00111,1998-02-15,4,123.96
00111,1998-02-21,2,32.98
00111,1998-02-26,2,23.06
00111,1998-05-10,1,72.99
00111,1998-06-20,3,55.47
00112,1997-01-01,1,11.77
00112,1997-02-05,1,11.77
00113,1997-01-01,3,32.91
00113,1998-03-04,1,15.27
00113,1998-03-07,1,11.49
00114,1997-01-01,1,16.36
00114,1997-05-01,2,28.13
00114,1997-09-08,1,22.97
00114,1998-02-10,1,28.49
00114,1998-02-11,2,28.98
00115,1997-01-01,1,13.97
00116,1997-01-01,1,12.77
00117,1997-01-01,2,18.74
00117,1997-08-31,2,24.74
00117,1998-03-19,1,15.49
00118,1997-01-01,1,15.36
00118,1997-06-24,4,58.49
00119,1997-01-01,3,41.69
00120,1997-01-01,1,22.97
00120,1997-02-22,1,14.96
00120,1997-03-30,1,11.77
00120,1997-05-17,1,42.32
00120,1997-12-18,1,11.49
00121,1997-01-01,1,12.49
00122,1997-01-01,2,27.74
00123,1997-01-01,1,31.99
00124,1997-01-01,2,28.93
00124,1997-09-13,2,28.48
00124,1997-10-16,2,26.98
00124,1997-11-02,2,25.98
00124,1997-12-12,2,27.98
00125,1997-01-01,3,37.47
00125,1997-06-22,1,13.72
00125,1997-10-17,1,12.99
00125,1997-11-21,1,6.49
00125,1998-02-09,1,11.49
00125,1998-06-08,2,26.48
00126,1997-01-03,1,9.77
00126,1997-12-02,2,292.98
00127,1997-01-01,3,39.71
00128,1997-01-01,3,20.37
00128,1997-01-09,1,12.49
00128,1997-02-07,2,22.75
00128,1997-08-03,1,12.25
00129,1997-01-01,1,12.49
00130,1997-01-01,1,14.37
00130,1997-01-25,1,5.99
00130,1997-02-08,3,42.89
00130,1997-06-01,1,10.77
00130,1997-07-01,1,5.99
00130,1997-08-13,1,14.96
00130,1997-11-08,1,12.99
00130,1998-04-29,1,12.99
00131,1997-01-01,2,30.32
00132,1997-01-01,3,53.69
00132,1997-02-27,5,54.65
00132,1997-04-01,2,27.13
00132,1997-06-16,4,57.45
00132,1997-10-06,5,67.95
00132,1998-05-11,3,41.56
00133,1997-01-01,1,18.99
00133,1997-01-27,1,14.37
00133,1997-02-01,1,9.77
00133,1997-03-02,1,15.99
00133,1997-05-04,3,47.33
00133,1997-06-21,3,59.74
00133,1997-11-11,2,32.98
00134,1997-01-01,1,17.90
00134,1997-05-05,1,9.99
00134,1998-01-08,1,21.49
00135,1997-01-01,3,41.70
00135,1997-01-01,3,42.69
00136,1997-01-01,2,44.98
00136,1997-11-26,2,36.98
00137,1997-01-01,2,27.73
00138,1997-01-01,1,14.99
00139,1997-01-06,1,11.77
00140,1997-01-01,1,28.70
00140,1997-05-03,1,15.36
00141,1997-01-01,1,19.97
00141,1997-03-16,2,19.54
00141,1997-04-16,1,22.77
00141,1997-08-27,2,44.34
00141,1997-10-24,1,5.49
00141,1998-02-22,1,11.88
00141,1998-05-07,2,23.76
00142,1997-01-02,1,15.36
00142,1997-01-13,3,49.97
00142,1997-03-30,1,19.99
00142,1998-02-19,1,12.58
00142,1998-04-11,1,24.49
00143,1997-01-01,1,12.49
00143,1997-01-01,1,28.99
00144,1997-01-01,2,30.72
00145,1997-01-01,1,14.79
00145,1997-01-02,1,11.77
00145,1997-01-12,2,26.73
00145,1997-01-30,2,20.75
00145,1997-02-25,1,15.96
00145,1997-03-12,2,29.93
00145,1997-03-12,4,56.47
00145,1997-03-14,3,28.54
00145,1997-04-05,1,13.97
00145,1997-05-02,2,30.32
00145,1997-05-03,1,15.96
00145,1997-05-26,1,13.97
00145,1997-07-07,1,13.97
00145,1997-08-15,2,27.13
00145,1997-09-13,2,25.98
00145,1997-10-31,1,12.99
00145,1997-11-06,1,12.99
00145,1997-11-19,3,55.97
00145,1998-02-23,1,12.58
00145,1998-02-26,2,24.46
00145,1998-03-14,1,11.88
00145,1998-05-06,1,17.48
00145,1998-05-30,2,27.37
00146,1997-01-01,1,13.97
00147,1997-01-28,2,27.14
00147,1997-02-24,3,62.10
00147,1997-05-17,1,13.97
00147,1997-09-15,1,12.99
00147,1997-09-15,1,14.99
00147,1997-11-09,2,29.48
00147,1997-12-03,6,67.94
00147,1997-12-13,4,59.46
00148,1997-01-01,1,14.96
00148,1997-02-16,1,9.77
00148,1997-06-02,1,9.77
00148,1997-11-04,1,11.49
00148,1997-11-07,3,40.97
00148,1998-02-22,2,29.91
00148,1998-03-21,2,29.57
00149,1997-01-01,4,54.87
00149,1997-01-24,4,51.67
00150,1997-01-01,1,15.36
00151,1997-01-01,1,13.97
00152,1997-01-01,6,102.00
00152,1997-01-06,2,21.54
00152,1997-01-26,2,23.54
00152,1997-02-03,2,28.93
00152,1997-10-28,3,43.97
00152,1998-01-18,2,23.98
00153,1997-01-01,1,6.79
00154,1997-01-01,1,14.37
00154,1997-05-29,1,14.96
00154,1997-09-27,1,13.99
00154,1997-11-06,1,13.99
00154,1998-04-26,1,11.88
00155,1997-01-01,1,23.99
00156,1997-01-01,1,10.77
00157,1997-01-01,2,27.94
00157,1997-02-26,4,52.27
00158,1997-01-01,3,43.05
00159,1997-01-01,2,19.75
00160,1997-01-01,2,19.74
00161,1997-01-01,1,19.77
00161,1997-01-19,1,13.97
00161,1997-02-22,3,38.90
00161,1997-04-27,2,25.14
00161,1997-09-12,3,36.97
00161,1997-12-11,3,32.47
00161,1997-12-14,3,79.97
00161,1997-12-22,1,51.99
00161,1998-02-07,2,25.98
00161,1998-03-17,4,54.77
00161,1998-06-01,2,36.98
00162,1997-01-01,2,119.54
00163,1997-01-01,2,25.74
00164,1997-01-05,2,25.73
00164,1997-02-07,3,38.50
00164,1997-03-14,2,29.33
00164,1997-06-06,2,27.94
00164,1997-07-15,1,14.96
00164,1997-07-25,3,42.70
00164,1997-12-16,3,41.97
00164,1998-06-29,2,24.46
00165,1997-01-01,1,7.78
00165,1998-03-11,2,17.98
00165,1998-06-01,1,8.99
00166,1997-01-01,2,29.53
00166,1997-11-30,2,16.48
00166,1997-12-13,3,36.97
00166,1997-12-21,2,17.98
00166,1997-12-24,3,36.97
00166,1998-02-24,1,11.49
00166,1998-03-18,1,11.88
00166,1998-05-27,1,11.88
00167,1997-01-19,2,30.32
00167,1997-01-21,1,13.77
00167,1997-03-08,1,14.96
00167,1997-06-14,2,24.95
00167,1997-10-11,1,12.99
00167,1997-10-30,1,59.49
00167,1997-11-23,1,11.49
00167,1997-12-10,1,18.49
00168,1997-01-01,1,14.96
00169,1997-01-01,1,11.77
00170,1997-01-01,2,29.92
00170,1998-01-27,3,44.47
00171,1997-01-01,1,14.96
00172,1997-01-01,5,50.95
00173,1997-01-01,1,18.36
00173,1998-04-03,3,31.47
00174,1997-01-01,1,15.36
00174,1997-01-06,1,21.37
00175,1997-01-01,1,27.77
00176,1997-01-01,1,11.77
00177,1997-01-01,2,42.14
00177,1997-01-01,1,22.77
00177,1997-01-03,1,15.99
00177,1997-01-03,3,44.72
00177,1997-01-12,1,14.37
00177,1997-01-17,1,14.37
00177,1997-02-02,1,13.97
00177,1997-02-02,1,14.37
00177,1997-02-07,2,30.92
00177,1997-02-10,1,15.96
00177,1997-02-23,1,16.76
00177,1997-03-10,1,14.37
00177,1997-03-11,1,15.96
00177,1997-03-19,1,11.77
00177,1997-03-19,1,15.36
00177,1997-03-26,1,14.96
00177,1997-04-25,1,14.96
00177,1997-05-27,1,8.97
00177,1997-06-08,1,11.77
00177,1997-06-22,1,14.96
00177,1997-07-18,1,14.96
00177,1997-08-03,1,14.96
00177,1997-09-05,1,14.96
00177,1997-09-05,1,15.36
00177,1997-10-26,1,15.49
00177,1997-11-01,1,14.99
00177,1997-11-19,1,17.99
00177,1997-12-02,1,31.49
00177,1997-12-05,1,22.49
00177,1998-01-03,1,11.49
00177,1998-02-04,1,11.49
00177,1998-05-13,1,14.99
00178,1997-01-01,1,12.49
00179,1997-01-01,1,16.36
00179,1997-02-15,1,14.96
00179,1997-03-08,2,24.94
00179,1997-07-23,1,21.97
00179,1997-07-28,1,12.25
00179,1997-08-03,1,14.96
00179,1997-08-03,2,16.76
00179,1997-08-17,1,9.98
00179,1997-09-24,2,19.98
00179,1997-09-25,1,9.99
00179,1998-02-24,1,11.88
00180,1997-01-01,2,25.88
00180,1997-08-28,3,36.71
00181,1997-01-01,3,43.70
00182,1997-01-01,1,26.77
00182,1997-09-27,1,12.99
00182,1997-12-15,3,41.97
00182,1998-05-18,1,9.99
00183,1997-01-01,1,9.99
00184,1997-01-01,1,19.99
00184,1998-05-18,1,11.88
00185,1997-02-27,3,26.07
00185,1997-03-22,1,14.79
00185,1997-03-22,1,6.99
00185,1998-03-27,3,39.36
00185,1998-05-22,2,27.98
00186,1997-01-02,1,16.96
00186,1997-09-17,1,17.49
00187,1997-01-01,2,31.32
00187,1997-02-02,1,4.79
00188,1997-01-01,1,13.77
00189,1997-01-01,15,294.03
00190,1997-01-01,1,15.36
00191,1997-01-05,6,70.23
00192,1997-01-01,1,10.77
00192,1997-01-22,2,30.92
00192,1997-03-22,2,28.93
00192,1997-06-01,3,59.69
00192,1997-07-14,1,14.96
00192,1997-08-01,1,14.96
00193,1997-01-01,2,27.94
00194,1997-01-01,10,168.89
00194,1997-01-11,6,86.89
00195,1997-01-06,1,15.36
00195,1997-10-11,1,9.49
00195,1997-10-24,2,28.98
00195,1997-10-25,1,11.49
00195,1997-10-29,1,22.49
00195,1997-11-01,1,11.49
00195,1998-01-20,1,14.49
00196,1997-01-01,2,25.54
00197,1997-01-01,1,12.49
00197,1997-03-02,1,12.49
00197,1997-05-05,1,28.99
00198,1997-01-01,1,15.76
00199,1997-01-01,1,14.37
00200,1997-01-01,3,39.93
00200,1997-01-22,2,44.36
00201,1997-01-01,1,14.96
00201,1997-04-05,1,14.37
00201,1997-10-18,1,9.49
00201,1998-01-11,1,9.49
00201,1998-04-28,1,24.99
00202,1997-01-01,8,113.94
00202,1997-01-02,2,32.52
00203,1997-01-01,1,20.99
00203,1997-02-27,1,13.97
00203,1997-04-05,1,14.90
00203,1997-07-24,1,13.97
00204,1997-01-15,5,72.23
00205,1997-01-01,1,12.49
00205,1997-03-18,1,19.30
00205,1997-05-13,1,19.30
00205,1997-12-07,2,50.98
00206,1997-01-01,1,17.99
00207,1997-01-01,1,19.30
00207,1997-03-22,1,34.99
00207,1997-11-16,3,39.97
00208,1997-01-11,5,63.25
00208,1998-02-21,5,70.38
00209,1997-01-19,4,66.26
00209,1997-02-24,2,29.92
00209,1997-03-15,1,19.99
00210,1997-01-01,4,59.66
00210,1998-03-26,2,26.37
00211,1997-01-01,1,7.78
00212,1997-01-01,1,14.37
00213,1997-01-01,1,10.77
00213,1997-01-19,1,11.77
00214,1997-01-01,1,11.77
00214,1997-01-03,3,44.73
00214,1997-01-08,1,14.79
00214,1997-01-25,2,23.54
00214,1997-04-07,3,46.51
00214,1997-05-22,3,40.91
00214,1997-10-21,3,39.97
00215,1997-01-01,1,11.77
00216,1997-01-01,1,13.97
00217,1997-01-01,2,57.54
00217,1997-12-09,8,113.92
00217,1998-01-29,1,12.58
00217,1998-06-02,1,11.88
00218,1997-02-06,4,57.48
00219,1997-01-01,3,38.51
00219,1997-05-17,3,35.51
00220,1997-01-01,4,57.85
00221,1997-01-01,1,12.49
00222,1997-01-01,1,29.99
00222,1997-02-21,1,15.36
00222,1997-10-30,2,40.98
00223,1997-01-01,3,47.93
00224,1997-01-01,2,28.33
00225,1997-01-01,2,24.98
00225,1997-01-18,3,37.47
00225,1997-02-27,1,6.79
00225,1997-04-16,1,12.49
00225,1997-08-01,1,23.88
00226,1997-01-02,2,35.93
00226,1997-02-23,2,26.73
00226,1997-04-20,2,23.76
00226,1997-07-19,2,24.74
00226,1998-02-15,1,15.49
00226,1998-05-05,3,43.47
00227,1997-01-01,1,34.97
00227,1997-01-17,1,13.77
00227,1997-03-08,1,14.96
00227,1997-05-11,3,86.51
00227,1997-08-24,1,14.37
00228,1997-01-01,2,25.98
00228,1997-02-06,2,23.54
00228,1997-02-11,1,13.97
00228,1997-02-12,1,27.77
00228,1997-02-28,1,9.98
00228,1997-03-11,1,15.36
00228,1997-05-27,1,21.97
00228,1997-05-31,1,17.30
00228,1997-07-08,3,51.75
00228,1997-08-07,2,36.74
00228,1997-08-28,1,23.97
00228,1997-12-29,3,41.47
00228,1998-01-06,1,29.99
00229,1997-01-01,1,12.49
00229,1997-01-06,2,19.28
00229,1997-08-12,1,12.25
00229,1998-03-12,2,19.98
00229,1998-06-27,1,19.49
00230,1997-01-01,2,39.98
00230,1997-06-06,2,39.98
00231,1997-01-01,5,69.04
00232,1997-01-01,2,42.98
00233,1997-01-01,1,12.99
00234,1997-01-01,1,13.97
00234,1997-02-04,1,9.99
00235,1997-01-01,1,7.98
00236,1997-01-01,1,16.70
00237,1997-01-01,2,23.54
00238,1997-01-23,7,88.69
00238,1997-02-06,3,36.33
00238,1997-04-20,4,59.06
00238,1997-06-25,3,47.89
00238,1997-07-27,6,73.22
00239,1997-01-01,2,28.74
00240,1997-01-01,1,15.99
00240,1997-03-08,1,14.96
00241,1997-01-16,2,24.74
00241,1997-05-03,1,14.96
00241,1998-03-26,2,36.37
00241,1998-05-09,2,24.48
00242,1997-01-01,3,35.11
00242,1997-01-17,2,30.32
00243,1997-01-02,2,17.96
00244,1997-01-01,3,46.64
00244,1997-01-30,8,117.60
00244,1997-02-04,3,35.31
00244,1997-02-22,3,41.69
00244,1997-03-28,4,56.47
00244,1997-03-29,2,30.96
00244,1997-04-02,3,41.90
00244,1997-04-20,3,44.88
00244,1997-07-27,11,144.98
00244,1997-08-11,4,59.65
00244,1997-08-11,1,46.77
00244,1997-08-17,3,32.31
00244,1997-08-23,7,96.97
00244,1997-09-10,5,65.95
00244,1997-09-14,1,12.99
00244,1997-11-20,9,119.41
00244,1998-01-24,6,86.44
00244,1998-03-12,4,44.46
00244,1998-03-13,1,27.99
00244,1998-03-29,2,32.48
00244,1998-04-09,2,36.71
00244,1998-05-14,1,11.88
00244,1998-06-03,1,26.99
00244,1998-06-07,1,12.99
00244,1998-06-10,1,12.99
00245,1997-01-01,1,14.96
00245,1997-03-17,1,7.99
00245,1997-10-22,1,12.99
00245,1997-12-03,2,30.48
00245,1997-12-03,1,10.49
00245,1998-01-21,4,57.85
00245,1998-06-11,1,13.99
00246,1997-01-02,1,12.97
00246,1997-01-17,3,37.51
00246,1997-02-16,2,28.34
00246,1997-02-18,3,37.51
00246,1997-04-23,7,85.79
00246,1997-05-08,4,52.87
00246,1997-06-18,2,31.32
00246,1997-07-24,1,29.37
00246,1997-09-05,2,30.92
00246,1997-09-28,2,30.98
00246,1997-10-19,4,74.46
00246,1997-10-22,3,41.47
00246,1997-12-04,1,13.99
00246,1997-12-14,4,57.46
00246,1997-12-23,2,27.48
00246,1998-02-03,2,26.87
00246,1998-03-09,3,45.47
00246,1998-03-14,1,11.88
00246,1998-03-26,2,22.67
00246,1998-06-20,4,50.85
00247,1997-02-03,1,19.30
00247,1997-07-26,1,23.88
00247,1997-12-16,1,19.99
00247,1998-05-12,2,30.98
00248,1997-01-02,1,14.37
00249,1997-01-02,2,37.35
00249,1997-01-25,2,23.94
00249,1997-02-19,1,30.99
00250,1997-01-02,2,28.74
00250,1997-07-08,3,42.09
00250,1997-08-23,2,33.74
00251,1997-01-02,3,40.26
00252,1997-01-02,6,110.60
00252,1997-01-08,2,26.14
00252,1998-03-07,6,69.94
00252,1998-03-22,7,105.82
00252,1998-06-06,2,22.77
00252,1998-06-10,1,12.99
00253,1997-01-02,1,13.97
00254,1997-01-02,1,15.96
00255,1997-01-02,1,11.77
00256,1997-01-02,1,14.99
00256,1997-03-02,2,34.60
00256,1997-04-14,1,29.99
00257,1997-01-02,1,27.77
00257,1997-10-30,1,12.99
00257,1998-04-09,1,14.99
00258,1997-01-02,3,59.97
00259,1997-01-02,1,14.79
00260,1997-01-05,4,57.27
00261,1997-01-02,1,8.77
00262,1997-01-02,3,48.95
00263,1997-01-02,1,14.79
00264,1997-01-02,1,16.99
00265,1997-01-02,4,108.87
00265,1997-02-19,1,14.96
00265,1997-02-20,1,11.77
00266,1997-01-02,3,39.97
00266,1997-01-27,4,59.31
00267,1997-01-02,3,37.47
00268,1997-03-24,1,7.78
00269,1997-02-15,1,29.99
00270,1997-01-02,7,89.77
00270,1997-01-24,14,179.40
00271,1997-01-02,1,12.77
00272,1997-01-02,1,9.98
00272,1997-03-20,2,18.75
00272,1997-04-05,1,9.98
00273,1997-01-02,1,6.79
00273,1997-03-25,1,14.96
00274,1997-01-02,1,5.78
00275,1997-01-02,6,60.47
00276,1997-01-02,2,21.73
00276,1997-01-17,2,37.54
00276,1997-07-08,3,45.09
00276,1998-06-01,1,13.99
00277,1997-01-02,1,17.90
00277,1998-03-09,1,13.99
00278,1997-01-02,1,23.97
00279,1997-01-02,1,17.30
00279,1997-01-17,1,66.30
00279,1997-08-14,2,56.21
00280,1997-01-02,12,155.64
00280,1997-02-01,6,88.32
00280,1997-04-28,1,12.49
00281,1997-01-02,1,14.70
00282,1997-01-02,4,53.88
00283,1997-01-02,3,37.71
00284,1997-01-02,1,20.00
00285,1997-01-02,1,25.99
00286,1997-01-02,2,41.36
00286,1997-01-13,3,45.91
00287,1997-01-02,1,13.97
00288,1997-01-02,1,14.96
00288,1997-05-02,1,13.97
00289,1997-01-02,1,10.77
00289,1997-02-08,1,9.77
00290,1997-01-02,2,49.98
00291,1997-01-02,14,199.15
00292,1997-01-02,1,13.97
00292,1997-06-25,1,17.96
00292,1997-07-08,2,19.96
00292,1998-01-07,1,13.99
00293,1997-01-02,7,98.75
00293,1998-03-20,5,75.03
00294,1997-01-19,1,14.37
00294,1997-11-21,1,12.99
00295,1997-01-02,1,13.77
00295,1997-07-30,14,195.53
00295,1997-09-10,5,67.95
00295,1998-03-27,8,109.33
00296,1997-01-02,3,25.53
00297,1997-01-02,1,14.96
00298,1997-01-02,5,68.04
00299,1997-01-02,1,8.77
00299,1997-11-06,1,13.99
00300,1997-03-25,1,13.97
00300,1997-08-18,1,13.97
00300,1997-09-23,2,25.98
00300,1997-10-21,2,24.98
00300,1997-11-18,1,13.99
00300,1997-12-03,3,39.47
00300,1997-12-12,3,39.97
00300,1997-12-18,1,13.99
00300,1998-01-08,2,27.48
00300,1998-01-24,3,25.47
00300,1998-02-13,3,40.47
00300,1998-02-22,1,8.39
00300,1998-02-26,2,25.98
00300,1998-03-06,2,29.48
00300,1998-03-08,2,15.98
00300,1998-03-24,3,39.47
00300,1998-03-24,1,13.49
00300,1998-04-27,1,15.99
00300,1998-05-20,3,34.47
00300,1998-06-11,2,24.98
00300,1998-06-19,3,35.97
00300,1998-06-26,1,14.49
00301,1997-01-02,5,73.42
00301,1997-04-21,1,9.99
00301,1997-07-31,3,41.50
00301,1997-11-11,3,48.47
00302,1997-01-02,2,27.13
00303,1997-01-02,1,10.77
00304,1997-01-02,2,25.74
00304,1997-05-15,1,14.96
00304,1997-05-19,1,15.19
00304,1997-05-23,2,32.92
00304,1997-05-27,2,24.53
00305,1997-01-02,5,70.83
00305,1997-11-05,6,81.44
00306,1997-01-02,1,30.99
00307,1997-02-27,2,28.45
00308,1997-01-02,1,12.77
00309,1997-03-16,3,52.50
00310,1997-01-07,3,39.32
00311,1997-01-02,5,69.25
00312,1997-01-02,2,87.74
00312,1997-12-21,1,14.99
00313,1997-01-02,7,101.22
00313,1997-01-10,6,70.00
00313,1997-01-23,3,43.30
00313,1997-02-01,7,99.95
00313,1997-03-14,5,70.03
00313,1997-04-28,30,457.49
00313,1997-05-19,8,111.15
00313,1997-07-08,18,253.97
00313,1997-07-22,13,190.39
00313,1997-08-03,15,206.15
00313,1997-09-01,13,171.35
00313,1997-10-10,9,114.91
00313,1997-11-06,9,125.91
00313,1997-11-18,8,97.92
00313,1997-11-26,5,68.45
00313,1998-03-28,5,69.34
00313,1998-03-30,3,40.97
00313,1998-04-15,4,52.35
00313,1998-04-30,4,52.46
00313,1998-05-24,2,34.98
00314,1997-01-02,1,3.99
00314,1997-01-13,10,166.89
00314,1997-01-13,4,60.25
00315,1997-02-11,1,34.97
00315,1997-03-12,3,39.92
00315,1997-03-15,1,13.97
00316,1997-01-02,3,35.90
00316,1997-01-17,1,10.77
00316,1997-04-06,1,14.79
00316,1997-07-31,1,10.77
00317,1997-01-02,1,46.77
00317,1997-11-01,3,42.47
00317,1997-12-06,1,14.49
00317,1998-01-23,6,90.94
00317,1998-02-06,2,36.48
00318,1997-01-02,2,26.74
00318,1997-01-29,1,11.77
00318,1998-01-12,2,25.98
00319,1997-01-02,2,26.73
00319,1997-01-07,1,14.96
00320,1997-01-02,1,9.99
00321,1997-01-02,6,103.05
00322,1997-01-02,1,25.77
00322,1997-07-05,2,26.56
00323,1997-01-02,2,24.98
00323,1997-03-14,1,11.77
00323,1997-07-10,4,75.32
00323,1997-09-24,3,29.97
00323,1997-11-24,2,27.48
00323,1998-02-20,3,43.97
00323,1998-03-03,4,50.85
00323,1998-04-29,6,128.42
00323,1998-06-22,1,19.99
00324,1997-01-02,2,21.54
00324,1997-09-27,3,37.47
00325,1997-01-02,6,72.82
00326,1997-01-02,1,14.37
00327,1997-01-02,3,40.70
00328,1997-01-02,3,66.75
00328,1997-02-27,1,22.99
00328,1997-04-08,3,56.70
00328,1997-04-11,1,15.36
00328,1997-06-15,2,28.93
00328,1997-08-02,3,37.53
00328,1997-08-10,2,30.77
00328,1997-09-25,2,27.48
00328,1997-10-07,2,25.48
00328,1997-11-23,2,23.48
00328,1998-01-24,1,34.49
00328,1998-03-06,3,41.47
00328,1998-03-29,3,34.47
00328,1998-04-01,2,25.98
00328,1998-05-10,1,15.49
00328,1998-05-16,2,14.98
00328,1998-05-17,2,31.48
00328,1998-05-21,2,27.48
00328,1998-05-27,1,11.99
00328,1998-06-05,1,11.89
00328,1998-06-14,2,30.48
00328,1998-06-21,1,31.99
00328,1998-06-23,2,16.98
00328,1998-06-30,2,27.98
00329,1997-01-02,1,14.79
00329,1997-01-08,1,11.77
00329,1997-01-21,2,29.16
00329,1998-02-09,2,26.37
00329,1998-02-27,1,11.88
00330,1997-01-02,1,14.96
00331,1997-01-02,1,16.36
00332,1997-01-02,1,15.36
00333,1997-01-02,1,15.90
00334,1997-01-02,3,40.11
00335,1997-01-02,1,11.77
00335,1997-01-06,1,14.96
00336,1997-01-02,1,11.77
00337,1997-01-21,2,23.54
00337,1998-04-30,1,14.49
00338,1997-01-02,2,25.74
00339,1997-01-02,6,76.02
00339,1997-02-04,6,95.82
00339,1997-05-22,8,114.58
00339,1997-09-25,3,40.97
00339,1997-11-21,5,84.45
00340,1997-01-02,5,46.30
00341,1997-01-02,2,26.14
00341,1997-07-27,4,80.46
00342,1997-01-02,1,17.90
00343,1997-01-02,5,87.65
00343,1997-01-18,1,30.77
00343,1997-04-19,2,23.54
00343,1997-11-02,3,35.47
00344,1997-01-02,3,40.70
00344,1997-01-03,5,65.04
00344,1997-01-23,4,55.07
00344,1997-02-06,3,41.30
00344,1997-02-11,1,15.96
00344,1997-04-10,4,53.46
00344,1997-05-12,3,41.69
00344,1997-06-27,2,27.74
00344,1997-07-21,1,12.77
00344,1997-08-12,1,13.97
00344,1997-11-05,2,24.98
00344,1997-12-24,3,38.97
00344,1998-02-05,3,35.95
00344,1998-02-12,2,29.07
00344,1998-02-23,2,18.98
00344,1998-03-05,1,32.49
00344,1998-05-25,2,31.98
00345,1997-01-02,1,11.77
00345,1997-10-31,2,78.48
00346,1997-01-02,2,26.76
00347,1997-01-02,1,15.36
00348,1997-01-02,1,29.99
00348,1997-07-26,2,67.53
00349,1997-01-02,3,44.88
00350,1997-01-02,1,46.37
00351,1997-01-02,1,8.77
00352,1997-01-02,1,4.99
00352,1997-02-05,1,11.77
00353,1997-01-02,2,28.76
00353,1997-02-12,2,40.47
00354,1997-01-02,1,14.99
00355,1997-01-02,3,43.51
00355,1997-01-07,3,39.30
00356,1997-01-02,2,28.74
00357,1997-01-02,3,37.91
00357,1997-02-05,2,53.54
00358,1997-01-02,2,36.48
00358,1997-10-23,1,11.49
00358,1998-04-21,1,12.49
00358,1998-05-04,3,42.97
00358,1998-05-06,1,15.49
00359,1997-01-02,5,76.45
00360,1997-01-02,1,14.96
00360,1997-01-08,1,14.96
00360,1997-11-26,2,25.98
00360,1998-02-12,1,11.49
00360,1998-05-01,1,11.49
00360,1998-05-25,2,23.87
00361,1997-01-02,1,13.97
00361,1998-02-22,2,23.76
00362,1997-01-02,1,10.00
00362,1997-01-02,1,13.00
00362,1997-01-02,1,15.00
00362,1997-01-02,1,20.00
00363,1997-01-02,1,16.99
00363,1997-01-03,1,19.97
00364,1997-01-06,1,29.97
00365,1997-01-02,2,29.58
00365,1997-05-02,1,10.78
00365,1997-05-10,2,27.13
00365,1997-05-15,1,17.36
00365,1997-05-15,2,30.32
00365,1997-06-28,3,46.34
00365,1997-09-27,2,25.98
00365,1997-11-29,2,31.98
00365,1997-12-17,1,12.99
00365,1998-02-15,1,12.99
00365,1998-03-12,2,26.37
00365,1998-03-22,2,25.98
00366,1997-01-02,1,15.36
00367,1997-01-02,1,44.77
00368,1997-01-02,4,60.64
00368,1997-10-06,6,74.94
00369,1997-01-02,1,7.98
00370,1997-01-02,5,65.25
00370,1997-03-24,4,61.44
00370,1997-08-30,2,26.73
00370,1997-12-22,3,40.47
00371,1997-01-02,1,14.99
00371,1997-12-12,2,20.48
00372,1997-01-18,1,14.96
00372,1997-04-22,1,21.77
00373,1997-01-02,2,28.74
00373,1997-02-07,4,53.40
00373,1997-02-26,2,29.33
00373,1997-03-19,4,51.47
00373,1997-04-28,2,28.34
00373,1997-05-17,1,14.96
00373,1997-05-22,1,11.77
00373,1997-07-26,2,28.68
00373,1998-01-05,1,15.49
00374,1997-01-02,1,13.97
00374,1997-02-02,4,48.47
00374,1998-01-11,1,14.99
00374,1998-03-21,1,29.99
00374,1998-03-21,2,25.98
00374,1998-03-21,1,12.49
00374,1998-06-14,7,101.93
00375,1997-01-02,2,64.89
00375,1997-07-27,1,14.99
00375,1997-08-08,1,15.76
00375,1997-08-10,1,11.77
00376,1997-01-03,3,45.88
00376,1997-07-02,1,19.77
00376,1998-06-12,2,25.16
00377,1997-01-02,3,38.50
00378,1997-01-02,1,14.90
00378,1997-02-03,1,14.90
00379,1997-01-02,1,18.76
00379,1997-01-20,2,29.33
00379,1997-01-24,1,31.99
00379,1997-02-02,1,9.77
00380,1997-01-04,4,47.08
00381,1997-01-02,1,20.99
00381,1997-05-19,1,12.77
00381,1997-07-09,1,16.65
00382,1997-01-02,1,12.49
00383,1997-01-02,2,30.72
00384,1997-01-02,1,11.97
00385,1997-01-02,1,6.79
00385,1997-06-22,1,14.99
00386,1997-01-02,1,18.99
00387,1997-01-02,1,13.97
00387,1997-03-30,2,29.16
00387,1997-04-11,2,29.92
00387,1997-05-01,1,14.96
00387,1997-07-27,1,18.10
00387,1997-08-10,5,84.06
00387,1997-09-14,9,144.91
00387,1997-11-23,11,163.89
00387,1997-11-26,2,20.98
00387,1998-02-12,4,66.14
00387,1998-02-20,3,50.65
00387,1998-05-29,9,159.41
00387,1998-06-05,2,44.98
00388,1997-01-02,1,10.77
00389,1997-01-02,2,104.98
00389,1997-06-23,3,42.53
00389,1997-08-21,4,59.48
00389,1997-09-12,4,50.96
00389,1998-01-24,7,96.79
00389,1998-01-24,6,81.33
00389,1998-03-21,1,14.49
00389,1998-03-21,1,29.49
00389,1998-06-06,3,36.36
00389,1998-06-06,4,55.35
00390,1997-01-04,1,15.36
00391,1997-01-03,2,32.00
00392,1997-01-02,3,58.91
00393,1997-01-02,2,29.16
00394,1997-01-02,1,26.99
00394,1997-01-18,2,29.76
00395,1997-01-02,1,26.99
00396,1997-01-02,3,41.10
00396,1997-06-02,2,80.54
00396,1997-07-08,2,19.73
00396,1997-10-24,3,35.97
00396,1998-03-19,4,32.92
00396,1998-04-29,2,21.37
00396,1998-06-01,1,28.99
00397,1997-01-02,2,42.14
00397,1997-05-01,3,62.49
00398,1997-01-02,9,92.34
00398,1997-03-13,1,6.77
00398,1997-03-24,7,109.55
00398,1997-04-03,5,68.23
00398,1997-04-24,2,29.92
00398,1997-05-06,2,15.54
00398,1997-06-19,1,13.97
00398,1997-07-31,6,91.16
00398,1997-08-04,2,26.73
00398,1997-08-14,1,15.96
00398,1997-08-20,1,14.37
00398,1997-08-22,1,14.37
00398,1997-09-15,2,25.98
00398,1997-09-29,1,11.49
00398,1997-10-08,4,55.46
00398,1997-10-10,2,30.48
00398,1997-10-15,2,25.98
00398,1997-10-23,14,163.86
00398,1997-10-29,1,12.99
00398,1997-12-01,2,29.48
00398,1997-12-09,2,30.98
00398,1997-12-15,1,13.99
00398,1997-12-16,2,27.98
00398,1997-12-22,1,12.99
00398,1998-01-14,2,27.48
00398,1998-01-16,3,46.47
00398,1998-01-26,3,41.16
00398,1998-02-02,4,51.96
00398,1998-02-04,4,55.85
00398,1998-02-05,4,58.96
00398,1998-02-06,1,16.49
00398,1998-02-09,1,14.99
00398,1998-02-19,2,27.98
00398,1998-02-24,1,14.49
00398,1998-03-02,1,11.18
00398,1998-03-03,2,26.30
00398,1998-03-10,1,9.49
00398,1998-03-27,3,47.86
00398,1998-04-22,3,36.34
00398,1998-04-23,4,47.46
00398,1998-05-18,1,12.99
00398,1998-05-18,1,12.99
00398,1998-06-15,3,39.84
00398,1998-06-30,2,28.48
00399,1997-01-03,2,34.36
00399,1997-02-05,2,27.96
00400,1997-01-02,1,14.37
00400,1997-01-09,1,14.37
00400,1997-03-26,1,14.79
00400,1997-05-30,1,12.97
00400,1997-07-25,3,48.71
00400,1997-12-26,1,12.99
00400,1997-12-26,1,6.49
00400,1998-02-07,1,14.49
00400,1998-03-15,1,12.58
00401,1997-01-02,2,41.74
00402,1997-01-02,1,10.77
00402,1997-01-04,1,13.97
00403,1997-01-02,1,11.77
00404,1997-01-02,1,10.97
00404,1997-01-07,1,19.99
00404,1997-02-23,2,30.95
00404,1997-04-09,1,11.77
00404,1997-07-03,2,30.15
00404,1997-07-18,1,14.37
00404,1998-04-20,2,20.98
00405,1997-01-02,1,14.99
00406,1997-01-02,3,29.32
00406,1997-06-25,3,51.72
00406,1998-02-17,1,32.49
00406,1998-03-27,3,39.20
00406,1998-05-06,2,66.48
00407,1997-01-06,2,21.74
00408,1997-01-02,1,25.99
00409,1997-01-02,1,14.37
00410,1997-01-02,2,29.98
00410,1997-11-17,1,12.99
00411,1997-01-02,3,41.10
00411,1997-01-06,1,51.97
00411,1997-01-22,4,73.06
00411,1997-02-05,15,245.11
00411,1997-02-12,5,67.83
00411,1997-02-17,5,62.04
00411,1997-02-27,4,49.48
00411,1997-03-13,4,74.67
00411,1997-03-19,2,318.74
00411,1997-04-16,4,56.87
00411,1997-04-28,4,58.85
00411,1997-05-25,3,42.71
00411,1997-06-25,4,61.28
00411,1997-07-17,5,58.85
00411,1997-09-16,5,69.95
00411,1997-10-08,6,77.94
00411,1997-10-13,4,95.96
00411,1997-10-24,5,55.95
00411,1997-11-02,2,101.98
00411,1998-01-02,4,104.96
00412,1997-01-10,3,35.31
00412,1998-01-17,1,10.49
00413,1997-01-02,2,25.94
00414,1997-02-12,3,43.95
00415,1997-01-02,1,31.99
00416,1997-01-02,2,47.98
00417,1997-01-02,7,114.58
00417,1997-01-13,3,55.71
00417,1997-01-14,1,14.96
00417,1997-09-04,2,29.73
00418,1997-01-02,2,24.98
00419,1997-01-02,4,108.72
00420,1997-01-02,1,16.36
00421,1997-01-02,2,28.47
00421,1997-01-19,2,24.74
00421,1997-02-27,1,15.36
00421,1997-03-10,1,13.97
00421,1997-07-01,10,124.29
00422,1997-01-02,3,35.31
00422,1997-01-03,3,38.72
00422,1997-02-05,1,13.97
00422,1997-02-07,1,13.97
00422,1997-05-14,8,113.35
00423,1997-01-02,1,24.99
00424,1997-01-02,1,13.97
00424,1997-01-17,2,63.94
00424,1997-06-08,2,26.56
00424,1997-06-24,1,31.03
00424,1997-10-20,1,12.99
00424,1997-12-07,3,91.47
00424,1998-01-01,1,39.49
00424,1998-06-10,1,14.49
00425,1997-01-02,1,14.99
00426,1997-01-02,1,10.99
00427,1997-01-02,1,11.97
00428,1997-01-02,1,14.99
00429,1997-01-02,1,11.77
00429,1997-07-11,2,31.14
00429,1998-06-14,1,59.49
00430,1997-01-12,1,11.77
00430,1997-07-01,7,102.33
00430,1998-04-30,3,38.47
00430,1998-05-13,2,30.98
00431,1997-01-02,1,17.76
00431,1997-01-18,5,55.05
00431,1997-03-28,6,72.62
00431,1997-05-20,5,57.25
00431,1997-12-13,3,43.47
00431,1998-06-16,4,57.46
00432,1997-01-02,5,64.44
00433,1997-01-08,1,31.97
00433,1997-06-16,4,59.63
00433,1997-06-22,1,32.45
00433,1997-10-13,3,37.47
00433,1997-11-12,2,27.48
00433,1997-12-20,1,10.49
00433,1998-06-15,3,85.45
00434,1997-01-02,3,33.31
00435,1997-01-02,3,40.70
00436,1997-01-02,2,30.73
00436,1997-01-26,2,30.73
00436,1997-02-05,3,54.90
00436,1997-03-30,2,27.94
00436,1997-05-29,1,13.97
00437,1997-01-02,2,28.13
00438,1997-01-02,2,24.96
00439,1997-01-02,3,41.11
00440,1997-01-02,1,14.96
00441,1997-01-06,5,62.45
00441,1997-02-13,1,12.49
00441,1997-05-05,1,6.79
00441,1997-05-26,1,6.79
00441,1997-08-13,3,37.31
00441,1997-09-16,2,23.98
00441,1997-11-17,2,15.48
00441,1997-11-20,1,14.49
00441,1997-12-10,1,14.99
00441,1998-06-03,2,24.48
00442,1997-01-02,1,14.79
00443,1997-01-02,1,14.99
00443,1997-01-17,1,24.99
00444,1997-01-02,1,13.97
00445,1997-01-02,2,24.74
00445,1997-05-04,2,28.33
00445,1997-05-11,2,25.54
00445,1997-07-01,2,27.14
00445,1997-07-10,1,14.37
00445,1997-08-23,2,27.13
00445,1998-01-22,2,19.48
00445,1998-03-22,3,33.97
00446,1997-01-02,1,19.99
00446,1997-04-19,1,19.77
00446,1997-07-15,2,31.52
00446,1997-07-31,1,13.97
00446,1998-01-17,1,11.49
00446,1998-06-29,1,15.49
00447,1997-01-02,2,19.94
00448,1997-01-02,3,36.71
00449,1997-01-03,4,49.68
00449,1997-01-18,3,35.31
00450,1997-01-02,2,20.76
00450,1997-06-09,3,38.90
00451,1997-01-18,1,24.99
00452,1997-01-02,1,12.97
00452,1997-03-06,1,11.77
00453,1997-01-08,5,57.45
00453,1997-05-20,9,123.71
00454,1997-01-02,1,29.90
00454,1997-02-19,1,12.49
00454,1997-06-03,2,37.40
00454,1997-11-10,1,12.49
00455,1997-01-02,1,0.00
00456,1997-03-21,5,58.25
00456,1997-04-15,8,108.53
00456,1997-05-18,5,69.23
00456,1997-06-11,4,54.67
00456,1997-09-14,6,68.44
00456,1997-11-20,8,103.92
00456,1997-11-20,1,15.49
00457,1997-01-02,13,185.77
00457,1997-01-06,14,192.00
00457,1997-01-10,10,131.49
00458,1997-01-19,1,5.78
00458,1997-07-26,1,14.37
00458,1997-10-18,1,12.49
00458,1997-11-18,2,8.48
00458,1998-03-11,1,12.49
00458,1998-05-12,1,38.49
00459,1997-01-03,1,23.99
00460,1997-01-02,2,29.98
00460,1997-01-22,2,34.98
00461,1997-03-13,4,55.07
00461,1997-10-28,9,109.41
00462,1997-01-02,1,17.30
00463,1997-01-02,4,53.29
00463,1997-01-11,1,15.76
00464,1997-01-02,5,62.45
00464,1997-06-18,1,43.72
00464,1997-11-06,3,14.47
00464,1998-03-28,4,30.96
00464,1998-06-13,2,21.57
00465,1997-01-02,2,42.98
00465,1997-04-07,2,42.98
00466,1997-01-02,2,44.98
00466,1997-02-27,2,28.93
00467,1997-01-02,1,11.77
00467,1997-01-15,1,15.96
00468,1997-03-23,2,26.73
00468,1997-07-21,2,26.14
00468,1997-09-14,2,25.98
00469,1997-01-02,1,11.97
00470,1997-01-02,1,15.76
00471,1997-01-02,7,123.43
00471,1997-02-15,2,44.36
00472,1997-01-02,3,50.97
00472,1997-01-18,5,74.71
00472,1997-02-01,2,32.35
00473,1997-01-02,3,34.97
00474,1997-01-02,5,51.85
00474,1997-04-29,2,26.74
00474,1998-02-15,3,43.47
00475,1997-01-02,2,43.13
00476,1997-01-02,1,13.97
00477,1997-01-02,1,21.99
00478,1997-01-02,1,14.37
00479,1997-01-02,1,17.90
00480,1997-01-02,1,13.99
00481,1997-01-02,1,13.97
00482,1997-01-03,2,15.76
00483,1997-01-17,1,24.99
00484,1997-01-10,2,29.33
00484,1998-02-27,2,23.06
00484,1998-03-20,4,40.23
00484,1998-05-02,1,11.88
00484,1998-05-31,1,12.99
00485,1997-01-02,4,46.00
00485,1997-01-07,4,53.50
00485,1997-01-11,4,58.87
00485,1997-02-23,7,100.34
00485,1997-03-08,7,107.59
00485,1997-03-13,1,18.76
00485,1997-03-20,5,100.24
00485,1997-05-06,4,38.87
00485,1997-05-13,2,28.13
00485,1997-06-17,4,49.67
00485,1997-07-14,6,94.46
00485,1997-10-20,3,91.47
00485,1998-02-01,12,203.88
00485,1998-03-06,3,80.06
00485,1998-04-29,6,82.94
00486,1997-01-02,1,20.00
00487,1997-01-03,1,11.77
00488,1997-01-02,1,17.30
00488,1998-01-21,1,15.49
00489,1997-01-02,3,47.00
00489,1997-01-17,1,13.97
00490,1997-01-02,1,11.77
00490,1997-11-11,1,15.99
00491,1997-01-02,1,15.76
00492,1997-01-02,1,12.97
00492,1997-04-22,1,8.77
00492,1997-05-30,2,24.98
00492,1997-07-07,2,24.50
00492,1997-07-14,2,35.21
00492,1997-08-03,1,14.96
00492,1997-08-04,1,11.77
00492,1997-08-21,2,24.98
00492,1997-09-16,3,21.47
00492,1998-06-08,2,23.76
00493,1997-01-02,2,28.34
00494,1997-01-02,1,13.77
00495,1997-01-02,2,28.96
00495,1997-01-05,3,43.11
00496,1997-01-02,2,26.13
00496,1997-10-22,1,12.99
00497,1997-01-02,1,11.77
00498,1997-01-02,5,79.43
00498,1997-01-25,3,40.70
00499,1997-01-02,5,61.05
00499,1997-01-18,5,63.65
00499,1997-02-16,9,123.93
00499,1997-09-19,15,159.35
00499,1997-09-19,2,24.98
00499,1997-09-21,7,84.93
00499,1997-09-21,2,23.48
00499,1997-09-24,3,40.47
00499,1997-10-01,1,22.49
00499,1997-10-01,1,11.49
00499,1997-10-01,1,11.49
00499,1997-10-01,1,15.49
00499,1997-10-01,1,15.49
00499,1997-10-01,1,13.99
00499,1997-10-01,1,13.99
00499,1997-10-01,1,12.99
00499,1997-10-01,1,20.99
00499,1997-10-01,1,26.99
00499,1997-10-01,1,14.49
00499,1997-10-02,1,9.49
00499,1997-10-02,1,11.49
00499,1997-10-02,1,11.49
00499,1997-10-02,1,19.99
00499,1997-10-03,1,13.99
00499,1997-10-03,1,2.99
00499,1997-10-03,1,11.49
00499,1997-10-03,1,15.49
00499,1997-10-03,1,10.49
00499,1997-10-03,1,55.49
00499,1997-10-05,1,14.99
00499,1997-10-05,1,12.99
00499,1997-10-07,2,25.98
00499,1997-10-07,1,11.99
00499,1997-10-14,1,11.99
00499,1997-10-14,1,12.99
00499,1997-10-14,1,14.49
00499,1997-10-14,1,13.99
00499,1997-10-14,1,18.99
00499,1997-10-14,1,13.99
00499,1997-10-15,1,11.49
00499,1997-10-15,1,11.49
00499,1997-10-15,1,5.49
00499,1997-10-15,1,11.49
00499,1997-10-15,1,9.49
00499,1997-10-15,1,20.99
00499,1997-10-15,1,20.99
00499,1997-10-15,1,20.99
00499,1997-10-15,1,22.49
00499,1997-10-19,1,12.99
00499,1997-10-19,1,12.99
00499,1997-10-28,1,12.99
00499,1997-10-28,1,12.99
00499,1997-10-28,1,19.99
00499,1997-10-29,1,9.49
00499,1997-10-29,1,9.49
00499,1997-10-29,1,6.49
00499,1997-10-29,1,9.49
00499,1997-10-29,1,9.49
00499,1997-10-29,1,9.49
00499,1997-10-29,1,9.49
00499,1997-10-29,1,9.49
00499,1997-10-29,1,20.99
00499,1997-10-29,1,11.49
00499,1997-10-29,1,11.49
00499,1997-10-29,1,13.49
00499,1997-10-29,1,19.99
00499,1997-10-29,1,9.99
00499,1997-10-29,1,9.99
00499,1997-10-29,1,19.99
00499,1997-11-01,13,129.87
00499,1997-11-06,8,92.92
00499,1997-11-10,11,172.89
00499,1997-11-10,3,95.97
00499,1997-11-13,5,89.95
00499,1997-11-14,1,11.49
00499,1997-11-14,1,9.49
00499,1997-11-14,1,9.49
00499,1997-11-14,1,9.49
00499,1997-11-14,1,13.99
00499,1997-11-16,1,12.99
00499,1997-11-17,1,14.49
00499,1997-11-17,1,14.49
00499,1997-11-17,1,14.49
00499,1997-11-21,1,18.99
00499,1997-11-21,1,22.49
00499,1997-11-23,1,14.49
00499,1997-11-26,1,14.49
00499,1997-11-26,1,11.49
00499,1997-11-26,1,11.49
00499,1997-11-27,1,12.99
00499,1997-11-28,15,192.35
00499,1997-12-10,11,154.39
00499,1997-12-10,10,121.90
00499,1997-12-24,3,34.47
00499,1998-01-18,12,175.88
00499,1998-02-05,3,38.06
00499,1998-03-08,15,206.41
00499,1998-03-15,7,81.52
00499,1998-03-15,1,45.99
00499,1998-03-29,8,104.42
00499,1998-04-25,3,35.25
00499,1998-04-28,6,83.72
00499,1998-05-01,3,41.47
00499,1998-05-01,1,28.99
00499,1998-05-09,10,136.89
00499,1998-05-10,9,112.95
00499,1998-06-01,21,248.79
00499,1998-06-03,1,9.49
00499,1998-06-14,11,143.07
00499,1998-06-21,12,110.38
00500,1997-01-02,2,21.74
00501,1997-01-02,2,30.39
00502,1997-01-02,1,15.36
00502,1997-10-09,1,16.99
00503,1997-01-02,1,15.36
00504,1997-01-02,1,27.99
00504,1997-03-24,2,30.32
00504,1997-12-09,8,138.42
00505,1997-01-02,1,14.96
00505,1997-07-27,2,28.93
00505,1997-12-26,1,12.99
00506,1997-03-08,1,25.78
00507,1997-01-02,1,13.97
00508,1997-01-02,1,15.76
00508,1997-06-12,1,10.77
00509,1997-01-02,1,15.70
00510,1997-01-02,1,11.99
00511,1997-01-02,2,28.76
00512,1997-01-02,1,11.77
00513,1997-01-07,1,12.97
00514,1997-01-02,1,11.77
00515,1997-01-02,2,19.94
00516,1997-01-02,1,14.99
00517,1997-01-03,1,9.98
00518,1997-01-03,1,14.96
00519,1997-01-02,2,35.76
00519,1997-01-07,1,5.98
00519,1997-04-12,3,48.50
00519,1997-10-27,1,13.99
00519,1997-11-12,3,33.47
00519,1998-04-14,2,27.98
00519,1998-06-06,3,38.97
00519,1998-06-14,1,17.49
00520,1997-01-03,2,24.98
00521,1997-01-03,2,27.13
00522,1997-01-03,1,23.99
00523,1997-01-03,2,24.98
00523,1997-02-11,2,29.33
00523,1997-02-14,1,13.97
00523,1997-05-05,2,41.96
00523,1997-10-24,1,6.49
00524,1997-01-03,1,11.99
00525,1997-01-03,1,12.77
00525,1997-09-12,1,27.99
00526,1997-01-03,4,52.68
00527,1997-01-08,1,14.79
00528,1997-01-03,5,71.44
00529,1997-01-03,1,8.97
00530,1997-01-03,1,11.97
00531,1997-01-03,1,58.99
00532,1997-01-03,1,15.90
00533,1997-01-03,2,29.58
00534,1997-01-03,1,11.77
00535,1997-02-12,1,13.97
00536,1997-01-03,2,26.69
00537,1997-01-03,1,14.37
00538,1997-01-03,1,9.99
00539,1997-01-05,1,20.99
00539,1997-06-17,1,12.25
00540,1997-01-03,1,13.97
00541,1997-01-03,4,51.30
00542,1997-01-03,4,45.67
00543,1997-01-03,2,37.98
00544,1997-03-06,1,14.96
00545,1997-01-03,4,54.26
00545,1997-05-25,4,62.64
00545,1997-08-30,8,112.01
00545,1997-10-25,7,92.43
00546,1997-01-03,10,138.83
00546,1997-11-13,16,225.84
00546,1997-11-27,19,275.81
00546,1998-02-06,1,22.49
00546,1998-05-28,1,22.49
00547,1997-01-03,1,18.99
00547,1997-01-07,1,11.77
00547,1997-01-09,1,17.30
00547,1997-03-04,2,28.60
00547,1997-03-04,1,14.99
00547,1997-03-21,2,29.98
00547,1997-04-15,2,28.60
00547,1997-04-28,2,29.98
00547,1997-05-30,3,51.82
00547,1998-03-24,3,38.47
00547,1998-05-07,1,14.49
00548,1997-01-03,2,19.74
00548,1997-03-04,2,24.94
00548,1997-04-24,1,11.77
00548,1998-01-11,1,12.99
00548,1998-01-18,2,26.48
00548,1998-02-20,1,14.49
00548,1998-04-21,3,28.47
00548,1998-05-11,1,12.58
00549,1997-01-17,2,46.48
00549,1997-04-16,2,24.96
00550,1997-01-03,3,23.95
00551,1997-01-03,6,125.02
00552,1997-01-03,2,24.96
00553,1997-01-03,2,15.75
00554,1997-01-07,5,60.27
00555,1997-01-03,2,39.48
00556,1997-01-03,5,57.45
00556,1997-01-17,12,144.83
00557,1997-01-04,2,29.60
00558,1997-01-03,4,49.67
00559,1997-01-05,8,106.98
00559,1997-11-06,6,81.44
00559,1998-06-01,4,54.85
00560,1997-01-03,3,44.97
00561,1997-01-03,2,35.38
00561,1997-05-03,1,25.99
00561,1997-05-15,1,13.97
00561,1997-11-10,3,42.47
00561,1997-12-02,4,52.96
00561,1998-01-22,4,60.54
00561,1998-03-16,2,22.98
00561,1998-03-25,3,41.47
00561,1998-04-30,2,24.98
00561,1998-06-08,2,16.48
00561,1998-06-09,1,23.99
00562,1997-01-03,1,8.97
00562,1997-06-23,1,14.96
00563,1997-02-09,1,28.70
00563,1997-06-24,1,23.70
00564,1997-01-03,3,40.70
00564,1997-01-14,1,14.96
00564,1997-01-21,2,43.13
00564,1997-01-27,1,14.96
00564,1997-02-04,2,39.33
00564,1997-04-11,2,29.92
00564,1997-06-27,2,37.93
00564,1997-07-10,2,26.73
00564,1997-07-14,2,29.58
00564,1997-07-29,1,14.96
00564,1997-07-31,1,21.97
00564,1997-08-28,2,29.73
00564,1997-08-28,2,27.74
00564,1997-09-01,2,23.54
00564,1997-10-13,2,32.48
00564,1997-10-28,2,24.48
00564,1997-12-14,3,35.97
00564,1998-01-10,2,26.48
00564,1998-02-13,2,28.98
00564,1998-03-01,2,30.98
00564,1998-03-05,2,32.47
00564,1998-03-25,2,25.98
00564,1998-04-15,1,11.88
00564,1998-05-31,1,12.99
00565,1997-01-03,6,89.65
00565,1997-04-15,2,29.33
00566,1997-01-03,3,68.71
00566,1997-07-22,2,27.73
00566,1997-11-17,2,34.48
00566,1998-03-23,2,25.47
00567,1997-01-03,6,86.01
00567,1998-02-08,4,59.46
00567,1998-03-13,2,36.98
00567,1998-03-16,5,68.45
00567,1998-04-27,3,40.97
00568,1997-01-03,1,11.77
00568,1997-06-10,1,11.77
00568,1998-03-26,2,26.98
00568,1998-06-24,2,28.48
00569,1997-01-25,1,14.37
00569,1997-08-05,3,44.89
00569,1997-10-28,3,41.97
00570,1997-01-11,3,33.71
00570,1997-10-28,9,124.91
00570,1998-01-30,4,57.55
00571,1997-01-03,3,43.73
00571,1997-02-12,1,9.77
00572,1997-01-03,1,12.49
00572,1997-06-26,2,24.74
00572,1997-06-30,1,15.96
00572,1997-09-01,2,24.76
00572,1997-11-14,4,62.96
00572,1998-04-28,1,12.99
00572,1998-06-16,2,19.48
00573,1997-01-15,1,11.77
00573,1997-02-04,1,13.97
00573,1997-10-15,2,5.98
00574,1997-01-03,3,38.90
00574,1997-03-27,1,13.97
00575,1997-01-03,1,19.99
00576,1997-01-03,1,14.99
00577,1997-01-03,1,29.99
00578,1997-01-03,1,15.96
00579,1997-01-03,1,13.90
00580,1997-01-03,1,15.36
00581,1997-01-03,1,14.37
00582,1997-01-03,2,26.73
00582,1997-07-23,4,60.24
00582,1997-11-06,2,24.48
00583,1997-01-03,3,45.09
00583,1997-01-29,1,14.96
00583,1997-01-29,2,28.13
00583,1997-04-27,3,42.31
00583,1998-01-07,1,26.99
00583,1998-02-09,5,48.95
00584,1997-01-17,1,11.77
00585,1997-01-03,3,37.32
00585,1997-01-22,2,27.13
00585,1997-02-15,2,28.74
00585,1997-03-08,3,34.12
00585,1997-04-26,2,28.93
00585,1997-05-16,1,35.28
00585,1997-07-20,2,19.98
00585,1997-07-31,1,9.99
00585,1997-08-31,2,23.14
00585,1997-12-07,2,25.98
00585,1998-04-08,1,15.49
00585,1998-05-16,3,43.06
00586,1997-01-03,8,143.38
00586,1997-01-10,10,129.68
00586,1997-01-26,15,212.30
00586,1997-02-02,4,140.47
00586,1997-02-11,4,64.87
00586,1997-02-16,4,49.86
00586,1997-02-22,4,50.67
00586,1997-02-27,3,42.90
00586,1997-03-01,10,172.27
00586,1997-03-22,4,56.66
00586,1997-03-28,1,14.37
00586,1997-04-26,6,83.42
00586,1997-05-04,4,72.47
00586,1997-05-20,4,51.48
00586,1997-05-21,3,48.29
00586,1997-06-05,6,118.61
00586,1997-06-14,12,144.22
00586,1997-06-21,9,127.21
00586,1997-06-25,5,67.24
00586,1997-06-29,3,33.31
00586,1997-07-21,12,167.79
00586,1997-08-13,7,114.77
00586,1997-08-14,4,52.26
00586,1997-08-24,5,65.25
00586,1997-08-27,5,67.23
00586,1997-09-02,4,53.47
00586,1997-09-23,5,60.95
00586,1997-09-30,5,73.45
00586,1997-10-11,3,86.47
00586,1997-10-26,5,75.95
00586,1997-10-30,5,70.95
00586,1997-11-08,3,72.47
00586,1997-11-18,5,64.95
00587,1997-01-03,1,19.30
00587,1997-01-29,3,44.97
00587,1997-01-30,5,70.95
00587,1997-06-20,2,29.93
00587,1997-07-25,2,29.33
00587,1997-09-12,2,25.98
00588,1997-01-03,3,40.30
00589,1997-01-03,1,14.37
00589,1997-02-24,2,29.33
00589,1997-12-19,3,41.47
00590,1997-01-09,2,29.33
00590,1998-01-06,1,12.99
00591,1997-01-03,1,15.36
00591,1998-04-25,1,12.99
00591,1998-05-19,1,12.99
00592,1997-01-03,3,47.45
00592,1997-01-20,1,15.36
00592,1997-04-28,5,58.43
00593,1997-01-03,1,11.77
00593,1997-03-12,3,42.69
00593,1997-06-23,1,15.36
00593,1997-09-02,2,26.76
00593,1997-10-26,2,30.98
00593,1998-01-22,2,23.76
00593,1998-03-05,1,12.58
00593,1998-06-07,3,39.96
00594,1997-01-17,2,31.32
00595,1997-01-04,1,30.37
00595,1997-06-02,3,44.29
00595,1997-12-21,1,15.49
00596,1997-01-03,3,33.31
00596,1997-07-05,2,25.53
00596,1997-09-20,2,32.48
00597,1997-01-03,1,13.97
00597,1997-03-14,1,11.77
00597,1997-06-20,1,13.97
00598,1997-01-03,2,28.76
00598,1997-03-05,1,14.37
00598,1997-11-09,3,37.97
00599,1997-01-03,2,28.34
00599,1997-08-31,1,11.77
00600,1997-01-03,1,15.36
00601,1997-01-03,1,9.77
00601,1997-02-06,1,9.77
00602,1997-01-03,9,124.54
00602,1997-05-17,8,107.16
00602,1997-08-01,10,142.90
00603,1997-01-03,2,24.13
00604,1997-01-03,3,68.97
00605,1997-01-03,4,53.68
00606,1997-01-03,1,19.99
00606,1998-03-26,1,19.99
00607,1997-01-03,4,81.96
00608,1997-01-19,1,9.77
00608,1997-01-19,3,37.51
00608,1997-01-27,1,11.77
00608,1997-02-14,3,43.73
00608,1997-02-14,4,51.87
00608,1998-06-05,5,59.95
00609,1997-01-03,6,79.39
00609,1997-01-05,3,43.70
00609,1997-01-23,4,58.89
00609,1997-03-13,2,80.47
00609,1997-03-24,3,51.91
00609,1997-08-04,3,41.52
00609,1997-09-19,4,90.46
00609,1997-12-08,1,41.99
00610,1997-01-12,1,11.77
00610,1997-02-25,1,31.97
00610,1997-04-06,1,15.96
00610,1998-05-21,4,63.96
00611,1997-01-03,1,11.77
00611,1997-10-08,1,13.99
00612,1997-01-03,1,12.49
00613,1997-01-03,1,9.99
00613,1997-02-10,1,19.99
00613,1997-06-16,1,19.99
00614,1997-01-03,1,11.77
00614,1997-01-28,1,14.96
00614,1998-02-26,1,11.88
00614,1998-04-03,1,13.98
00615,1997-01-10,3,64.12
00615,1997-01-27,1,14.79
00616,1997-01-03,1,14.79
00616,1997-08-18,1,18.36
00616,1998-06-04,1,14.99
00617,1997-01-03,2,29.92
00618,1997-01-03,3,45.29
00618,1997-06-20,2,30.92
00619,1997-02-03,3,41.10
00619,1997-02-07,4,45.28
00619,1997-02-10,2,29.33
00619,1997-02-13,2,29.33
00619,1997-02-19,2,23.54
00619,1997-02-24,2,23.54
00619,1997-02-26,1,13.97
00619,1997-03-03,2,29.33
00619,1997-03-17,3,37.30
00619,1997-03-21,1,9.99
00619,1997-03-24,2,29.33
00619,1997-03-24,1,12.99
00619,1997-03-28,1,11.77
00619,1997-04-11,1,12.77
00619,1997-04-15,1,11.77
00619,1997-04-15,1,25.77
00619,1997-04-22,3,38.31
00619,1997-04-24,1,15.36
00619,1997-06-23,2,21.54
00619,1997-07-24,4,50.48
00619,1997-07-25,4,60.05
00619,1997-09-29,2,28.48
00619,1997-10-27,2,26.98
00619,1997-11-14,1,9.49
00619,1997-12-02,6,77.44
00619,1997-12-02,5,64.45
00619,1997-12-03,4,38.46
00619,1997-12-09,1,11.49
00619,1997-12-15,1,12.49
00619,1998-01-12,1,14.49
00619,1998-02-16,2,25.48
00619,1998-03-09,3,45.47
00619,1998-03-11,1,11.49
00619,1998-03-23,3,36.97
00619,1998-04-23,1,25.99
00619,1998-05-19,1,22.99
00620,1997-01-03,1,13.77
00621,1997-01-03,1,17.90
00621,1997-01-14,1,14.37
00622,1997-01-03,3,59.97
00623,1997-01-03,2,32.72
00624,1997-01-03,2,28.06
00624,1997-01-21,3,43.97
00624,1997-03-05,1,27.77
00624,1997-04-15,4,55.96
00624,1997-06-26,2,27.13
00624,1997-10-22,2,33.98
00625,1997-01-03,1,11.77
00625,1997-10-24,2,29.48
00626,1997-02-06,10,138.89
00626,1997-11-03,13,168.37
00626,1998-03-06,2,27.48
00626,1998-05-19,5,53.13
00627,1997-01-03,1,15.76
00628,1997-01-03,1,21.99
00629,1997-01-03,3,46.08
00629,1997-02-17,4,60.10
00629,1997-04-23,3,44.29
00629,1997-05-22,3,40.71
00629,1998-04-07,1,14.49
00629,1998-05-01,4,68.96
00630,1997-01-03,3,37.47
00631,1997-01-03,1,14.37
00631,1997-01-03,1,14.37
00631,1998-04-15,1,12.58
00632,1997-01-03,1,15.36
00632,1997-02-07,1,13.97
00633,1997-01-03,1,27.77
00633,1997-01-31,3,36.31
00633,1997-02-18,5,69.43
00633,1997-03-21,4,45.08
00633,1997-03-31,3,42.10
00633,1997-07-25,2,23.54
00634,1997-02-08,1,13.97
00635,1997-01-03,8,114.97
00635,1997-02-26,3,88.90
00635,1997-03-30,4,61.44
00635,1997-05-25,5,71.43
00635,1997-06-11,1,13.97
00635,1997-10-12,4,98.46
00635,1998-02-14,7,99.43
00635,1998-04-26,3,49.97
00636,1997-01-03,3,27.92
00637,1997-01-03,1,12.97
00638,1997-01-03,1,29.99
00638,1998-06-03,1,12.49
00639,1997-01-03,1,13.97
00639,1997-01-08,1,13.97
